{
    "1": {
        "Id": 1,
        "Name": "Dan",
        "Access": 1,
        "Encodings": [
            -0.1970061957836151,
            0.08126941323280334,
            0.08120468258857727,
            -0.1226564347743988,
            -0.14217808842658997,
            0.04728138446807861,
            -0.06995820999145508,
            -0.1389618068933487,
            0.12291209399700165,
            -0.11864049732685089,
            0.22635169327259064,
            0.04115666076540947,
            -0.2475106120109558,
            -0.010423459112644196,
            0.0737496167421341,
            0.09654298424720764,
            -0.14486807584762573,
            -0.09703004360198975,
            -0.04030371084809303,
            -0.024372592568397522,
            0.027640294283628464,
            -0.02593897469341755,
            0.015477161854505539,
            0.08204489946365356,
            -0.1417730152606964,
            -0.38367706537246704,
            -0.126571387052536,
            -0.03757614642381668,
            0.037879519164562225,
            -0.10074982047080994,
            0.021116387099027634,
            -0.02719525247812271,
            -0.14762648940086365,
            0.04382556304335594,
            -0.08170817047357559,
            0.00814037024974823,
            -0.14492261409759521,
            -0.06419823318719864,
            0.2133113294839859,
            0.0028250468894839287,
            -0.1898231953382492,
            0.022713452577590942,
            -0.010939173400402069,
            0.25560349225997925,
            0.1768767535686493,
            0.02103867009282112,
            0.09377463907003403,
            -0.100754514336586,
            0.10806291550397873,
            -0.26786816120147705,
            0.040280669927597046,
            0.16086365282535553,
            -0.007623013574630022,
            0.06299111992120743,
            0.005986236035823822,
            -0.1313774585723877,
            0.013550668954849243,
            0.1389753669500351,
            -0.22050394117832184,
            0.13456381857395172,
            0.06149851530790329,
            -0.08887086808681488,
            -0.06582275778055191,
            -0.07331255823373795,
            0.2526974081993103,
            0.16115829348564148,
            -0.17570650577545166,
            -0.21175216138362885,
            0.08394565433263779,
            -0.15887437760829926,
            -0.09234164655208588,
            0.08529084175825119,
            -0.1561383754014969,
            -0.2282622754573822,
            -0.3187282085418701,
            0.0629374235868454,
            0.3395233154296875,
            0.1282907873392105,
            -0.147455096244812,
            -0.003921322524547577,
            -0.1391603946685791,
            -0.0493871346116066,
            0.05042699724435806,
            0.09716450423002243,
            -0.06388834118843079,
            -0.08504892885684967,
            -0.061622101813554764,
            0.04205666482448578,
            0.22103965282440186,
            0.0028479397296905518,
            0.003117606043815613,
            0.3144536018371582,
            0.10224734246730804,
            0.06000173091888428,
            -0.024075506255030632,
            0.15067487955093384,
            -0.1264859139919281,
            -0.025623701512813568,
            -0.08496773988008499,
            0.0021298080682754517,
            0.01675574481487274,
            -0.05101398378610611,
            0.061879612505435944,
            0.13781946897506714,
            -0.24380043148994446,
            0.34459275007247925,
            0.01297008991241455,
            0.04345763474702835,
            0.03973580151796341,
            -0.00350913405418396,
            -0.13985669612884521,
            -0.05593746900558472,
            0.13742998242378235,
            -0.3125450611114502,
            0.17104822397232056,
            0.24985799193382263,
            0.16643628478050232,
            0.10456845909357071,
            0.08889088034629822,
            0.007323846220970154,
            -0.038600318133831024,
            0.04051700234413147,
            -0.19751927256584167,
            0.02905229479074478,
            0.04748176038265228,
            -0.06897798180580139,
            -0.014318451285362244,
            0.07054631412029266
        ]
    },
    "2": {
        "Id": 2,
        "Name": "Jorge",
        "Access": 2,